student_id,age,sex,gpa,credits_earned,study_hours_per_week,extracurricular_activities,work_experience_months,financial_aid,graduated
1,24,0,3.27,32,4,3,17,0,1
2,21,0,1.78,124,27,0,23,0,0
3,28,0,1.58,15,13,4,6,0,0
4,25,1,1.25,65,4,0,19,0,1
5,22,0,1.98,46,32,0,26,0,1
6,24,0,2.68,147,49,2,5,1,1
7,27,0,1.35,123,47,3,26,1,0
8,20,1,2.13,0,40,0,8,0,1
9,24,0,1.03,86,18,2,30,0,1
10,28,1,3.46,127,21,1,20,1,1
11,28,1,1.39,66,4,2,25,1,1
12,25,1,1.85,3,1,2,12,1,0
13,22,1,1.06,46,29,2,22,0,1
14,21,1,2.3,37,46,0,19,0,1
15,25,1,3.52,142,38,0,27,1,1
16,25,0,2.18,20,3,1,16,0,1
17,20,1,1.54,56,32,4,27,0,1
18,23,0,3.26,116,12,4,1,0,1
19,22,0,3.37,45,19,4,24,1,1
20,19,1,1.52,141,6,1,5,1,1
21,25,0,3.31,144,14,4,10,0,1
22,29,0,3.84,38,22,4,5,0,1
23,23,0,1.5,136,13,2,10,0,1
24,19,0,3.31,98,22,0,13,0,1
25,29,1,3.13,76,18,0,1,0,0
26,22,0,2.42,114,28,2,2,1,1
27,18,1,1.17,133,19,2,34,0,0
28,29,0,1.22,90,28,2,32,0,1
29,27,0,3.56,97,23,0,23,0,1
30,23,1,3.97,119,17,4,18,1,1
31,29,0,3.03,45,9,2,17,1,1
32,26,0,2.34,37,40,1,23,0,1
33,18,0,2.94,141,7,2,34,1,1
34,28,1,2.78,99,25,3,0,1,0
35,28,0,2.15,71,28,2,35,1,1
36,27,1,1.2,34,9,0,24,1,0
37,29,0,3.46,146,16,2,33,1,1
38,29,1,2.12,29,1,3,24,1,1
39,20,1,3.46,77,5,1,15,0,1
40,29,0,1.76,83,4,4,33,1,0
41,24,0,1.0,112,27,2,28,1,0
42,21,1,1.48,24,40,3,18,0,1
43,26,1,2.41,87,4,3,22,0,1
44,20,0,3.83,13,17,1,18,0,1
45,22,1,1.31,101,25,0,24,0,1
46,20,0,3.56,149,19,2,15,1,1
47,24,0,2.58,82,40,3,8,1,0
48,22,0,3.48,109,48,1,0,1,1
49,26,0,1.9,130,26,4,18,1,1
50,24,1,3.52,18,48,3,32,0,0
51,19,0,3.32,27,11,1,33,1,1
52,21,1,1.69,70,6,0,15,1,0
53,26,0,1.39,62,2,0,17,0,1
54,29,1,3.6,72,9,3,33,1,0
55,19,0,3.89,123,33,3,24,1,1
56,27,1,1.09,118,24,2,5,1,0
57,26,1,3.19,120,34,1,20,1,1
58,27,0,3.73,18,15,3,5,0,1
59,22,0,3.57,141,1,2,31,0,1
60,19,0,3.89,119,23,2,30,0,1
61,21,0,3.28,60,9,3,9,0,1
62,29,1,2.33,29,37,0,29,0,0
63,29,0,1.94,8,21,1,17,1,1
64,24,1,1.96,63,25,1,23,1,0
65,29,1,3.17,119,42,0,8,0,1
66,25,0,3.24,51,38,3,30,0,1
67,20,1,1.6,88,26,1,14,0,1
68,18,1,3.6,141,28,3,3,1,1
69,21,1,3.14,52,46,3,8,0,0
70,19,1,2.69,77,37,2,8,1,0
71,25,0,2.41,40,19,0,25,1,0
72,21,0,2.63,67,26,3,3,1,1
73,19,0,1.48,7,40,4,16,1,0
74,23,0,1.61,1,19,0,15,0,0
75,23,1,1.27,104,43,1,14,1,1
76,27,1,1.46,124,18,2,34,1,1
77,21,0,2.36,109,19,1,4,0,1
78,23,0,2.59,85,34,1,4,1,1
79,19,0,1.05,119,46,0,19,1,0
80,27,1,3.39,126,1,1,14,1,1
81,29,0,1.88,15,29,3,17,0,1
82,19,0,3.74,61,33,1,1,1,0
83,27,0,3.9,112,21,2,28,1,0
84,21,1,1.56,11,2,2,12,0,1
85,25,1,2.39,34,5,4,3,0,1
86,24,1,1.0,10,14,2,9,1,0
87,29,1,2.79,63,26,1,30,1,1
88,26,1,2.82,49,9,2,7,0,1
89,25,1,1.74,148,8,0,2,1,1
90,22,1,2.68,68,32,2,8,0,1
91,19,1,1.68,47,31,3,29,1,1
92,22,0,1.48,19,47,0,10,0,1
93,25,0,2.95,100,5,4,34,1,1
94,27,1,1.98,136,40,3,12,0,1
95,26,1,2.77,67,35,1,35,0,1
96,29,0,2.3,34,1,1,12,0,1
97,29,1,3.95,64,28,1,11,0,1
98,29,1,1.45,7,3,3,9,0,1
99,26,1,2.39,44,0,3,8,1,0
100,18,0,3.04,86,18,3,6,1,1
101,26,0,2.19,75,25,0,1,0,1
102,24,0,3.92,75,24,0,22,1,1
103,26,0,3.17,46,9,1,20,1,0
104,25,0,2.97,14,14,2,22,1,1
105,18,1,3.27,104,21,1,28,1,1
106,29,0,3.86,146,47,4,13,1,0
107,25,1,3.72,25,20,0,25,1,1
108,25,1,3.17,51,21,3,4,0,0
109,28,0,3.25,92,35,0,30,1,0
110,20,0,1.44,149,33,3,24,1,1
111,18,1,1.31,20,29,4,30,1,1
112,25,1,2.71,50,24,4,19,0,1
113,20,1,1.06,37,44,0,16,1,0
114,20,0,2.45,19,27,3,1,1,1
115,18,0,1.63,131,0,4,24,1,0
116,28,0,2.04,54,48,1,12,0,0
117,22,0,3.33,91,44,1,27,1,0
118,27,0,3.82,27,3,3,5,0,1
119,24,1,1.22,3,6,0,2,1,1
120,27,0,2.6,149,48,4,34,0,1
121,26,1,3.65,75,8,0,17,0,1
122,29,1,1.25,66,35,1,10,0,0
123,24,1,3.47,85,18,4,19,1,1
124,26,0,2.07,90,0,0,4,0,1
125,25,0,1.97,104,9,2,18,0,1
126,29,0,3.93,0,35,3,21,0,0
127,19,1,1.6,71,8,3,18,0,1
128,18,1,3.08,86,44,2,15,1,1
129,24,1,3.46,5,45,1,23,1,1
130,24,1,1.12,144,41,4,3,1,1
131,25,1,3.01,60,31,3,14,1,0
132,22,1,3.85,11,31,2,24,0,1
133,20,0,1.37,5,5,2,34,1,0
134,29,0,3.69,26,47,1,13,0,1
135,25,0,2.78,135,37,1,18,1,1
136,23,0,2.85,123,16,0,35,1,0
137,28,1,2.84,105,9,3,6,1,1
138,20,1,1.9,92,49,0,29,0,1
139,18,0,3.81,108,26,2,18,1,0
140,20,1,3.84,98,49,4,24,1,1
141,22,0,2.88,141,34,4,15,1,0
142,20,0,3.35,34,20,1,7,0,1
143,18,0,2.84,83,24,4,17,1,1
144,22,1,2.45,55,27,4,27,1,1
145,27,0,2.98,140,46,4,15,0,1
146,24,0,2.66,48,14,2,18,0,1
147,24,0,2.79,45,3,4,16,1,1
148,28,1,3.35,112,28,4,12,1,0
149,26,1,2.44,135,8,4,6,1,1
150,27,0,1.12,42,26,0,26,0,1
151,27,1,1.49,147,25,2,9,0,0
152,29,1,2.32,123,18,1,33,0,1
153,20,1,3.17,96,27,0,35,1,1
154,24,1,2.78,89,16,3,24,0,1
155,18,1,2.95,38,42,2,5,1,0
156,21,1,2.44,84,40,2,23,0,0
157,21,1,2.85,61,41,3,17,0,0
158,22,1,1.99,105,49,3,22,0,1
159,24,1,2.41,106,19,3,5,1,0
160,24,1,3.23,53,44,1,28,1,1
161,28,0,3.62,125,39,4,24,1,0
162,21,0,2.3,8,38,2,16,1,1
163,24,1,1.13,87,48,4,23,0,1
164,28,0,1.49,36,22,4,10,1,1
165,20,0,1.06,48,46,3,25,0,0
166,23,1,2.96,40,31,1,33,1,1
167,29,1,2.0,16,46,0,27,1,0
168,19,1,2.63,87,32,1,2,0,1
169,27,0,2.48,20,45,4,10,0,1
170,26,0,1.24,50,4,1,13,1,0
171,22,1,2.21,58,42,3,25,1,1
172,23,1,1.66,40,47,0,20,0,1
173,29,1,2.26,38,33,3,29,0,0
174,29,0,1.61,140,39,0,7,0,1
175,29,0,3.52,10,10,4,19,0,0
176,29,0,1.52,146,49,0,31,0,1
177,21,0,3.88,138,2,0,21,1,1
178,28,1,2.25,76,32,0,6,1,0
179,27,1,3.54,126,10,1,8,1,1
180,24,1,2.89,45,15,1,0,1,1
181,29,1,3.21,44,17,4,28,0,1
182,26,0,3.3,0,29,0,7,0,1
183,24,0,2.51,107,47,2,3,0,1
184,18,1,2.63,18,9,4,34,1,1
185,18,1,2.54,75,17,0,2,0,1
186,26,0,2.76,71,37,0,6,0,1
187,28,1,1.09,108,18,1,26,1,1
188,26,0,2.19,11,35,4,0,1,1
189,21,1,2.82,44,12,0,26,1,1
190,26,1,2.79,89,45,0,15,0,1
191,20,1,3.38,102,2,4,6,0,1
192,24,1,2.97,7,9,2,22,1,1
193,23,1,3.98,90,37,4,10,1,1
194,25,1,1.85,86,0,4,32,0,1
195,28,1,2.08,83,26,2,35,1,1
196,26,0,2.15,81,45,4,16,0,0
197,22,0,2.4,145,7,0,34,1,1
198,18,0,3.51,67,45,4,4,1,1
199,20,0,1.71,126,41,2,31,1,1
200,27,0,3.33,81,16,3,2,0,0
201,29,1,2.22,146,8,4,34,0,0
202,25,1,2.81,83,5,1,13,1,1
203,28,0,2.9,112,42,0,30,0,1
204,23,1,2.12,75,24,0,30,1,0
205,25,0,2.54,121,38,1,16,1,1
206,26,0,2.24,142,48,1,23,0,1
207,21,1,1.21,40,27,4,22,0,0
208,18,1,2.31,1,32,1,17,0,1
209,18,1,1.29,28,36,3,13,0,1
210,27,0,2.22,104,8,2,14,1,1
211,21,1,2.78,50,17,1,14,0,1
212,29,0,2.74,74,20,1,5,0,1
213,24,0,2.99,9,1,3,26,1,1
214,19,0,1.29,141,42,0,14,1,1
215,20,1,2.96,50,37,0,35,1,0
216,18,1,1.94,117,39,4,7,1,0
217,22,0,2.2,120,35,3,14,0,1
218,18,1,3.57,38,49,2,2,0,1
219,25,1,1.03,27,42,2,12,1,0
220,18,1,2.77,2,36,3,33,1,1
221,28,0,2.8,83,14,2,23,0,0
222,18,0,2.19,116,27,0,31,0,1
223,19,1,1.71,1,17,2,31,0,1
224,19,0,1.7,92,33,2,29,0,1
225,29,1,3.65,130,21,3,12,0,1
226,23,1,2.33,143,10,3,0,1,0
227,24,1,1.99,93,12,2,33,1,1
228,22,1,2.35,39,3,1,14,1,0
229,18,0,3.01,1,21,3,13,1,1
230,18,0,1.44,80,6,4,28,0,0
231,20,0,2.35,11,42,4,33,1,1
232,19,1,2.76,64,23,0,17,0,1
233,22,1,3.85,54,3,2,6,0,1
234,29,1,1.76,44,27,1,28,0,1
235,27,0,2.08,100,14,0,30,0,1
236,23,1,2.14,61,0,2,24,0,0
237,24,0,2.82,48,2,3,13,0,0
238,21,0,2.07,126,13,4,7,0,1
239,24,0,2.6,22,37,1,26,1,0
240,28,0,3.35,37,49,4,1,0,0
241,25,0,3.12,27,0,3,16,1,1
242,28,0,2.34,20,37,2,13,1,1
243,18,1,3.59,106,37,3,24,0,1
244,23,1,2.67,145,20,3,29,0,1
245,25,0,2.62,98,47,4,28,1,1
246,22,0,1.1,118,28,1,19,1,0
247,21,1,3.96,72,4,3,20,1,1
248,19,0,1.37,121,48,4,21,1,1
249,23,0,1.69,29,9,1,34,0,1
250,23,1,1.16,107,27,2,15,0,0
251,28,0,2.92,97,20,2,16,0,1
252,18,0,1.67,31,49,0,15,1,0
253,26,0,1.54,78,6,4,1,0,0
254,29,1,1.27,40,2,1,3,1,0
255,28,1,1.31,62,44,3,20,0,1
256,23,1,2.75,22,46,2,33,1,1
257,20,0,3.06,103,19,1,29,0,1
258,21,0,2.19,74,18,4,5,0,1
259,29,1,2.44,47,34,0,16,1,1
260,28,0,3.06,56,3,2,24,1,0
261,21,0,1.05,117,4,1,4,1,0
262,20,0,1.97,99,0,1,4,1,1
263,27,0,3.92,123,3,1,19,1,1
264,20,0,2.74,33,11,4,15,0,1
265,20,1,1.76,6,26,4,8,1,0
266,21,0,2.57,55,41,4,4,0,0
267,24,1,2.03,64,22,3,1,0,0
268,21,0,2.6,46,24,1,8,0,1
269,26,1,1.38,147,20,2,35,0,1
270,18,0,1.4,18,23,4,21,0,1
271,25,1,1.43,145,24,4,21,1,1
272,24,0,3.82,125,44,1,21,1,1
273,19,1,3.2,138,45,4,33,0,1
274,25,0,1.49,48,31,3,28,0,0
275,18,1,1.57,112,31,3,32,1,1
276,28,0,3.19,37,4,4,17,1,1
277,29,1,1.47,63,35,1,6,0,0
278,26,1,1.7,68,45,1,0,1,1
279,26,0,3.89,135,41,1,32,1,1
280,19,0,1.77,115,48,0,0,1,1
281,24,1,2.98,64,41,4,23,0,1
282,27,0,3.94,30,38,1,3,1,1
283,20,1,2.12,131,15,3,3,0,1
284,24,1,1.05,112,32,2,17,0,0
285,29,1,1.73,108,48,2,26,0,0
286,27,0,3.49,68,20,1,31,0,0
287,26,1,3.59,119,8,2,32,0,0
288,21,1,3.31,87,5,2,27,1,1
289,29,0,1.34,66,44,0,35,0,1
290,18,0,3.39,74,34,3,5,0,0
291,19,0,3.76,44,38,3,15,0,1
292,18,0,2.8,3,21,0,33,1,0
293,29,1,3.82,106,40,0,22,1,1
294,22,1,3.48,50,4,2,23,1,0
295,22,1,3.0,49,41,4,12,1,1
296,28,1,2.73,5,22,2,17,1,0
297,24,0,2.05,58,16,0,12,1,1
298,26,1,1.48,124,11,3,16,1,1
299,26,1,2.81,142,22,2,14,0,1
300,20,0,1.95,29,15,4,17,0,0
301,20,1,3.6,121,2,2,22,1,0
302,20,1,3.98,124,29,1,29,0,0
303,21,1,3.26,36,21,2,33,0,1
304,25,1,1.27,123,8,0,3,1,0
305,23,1,1.87,100,28,3,2,0,1
306,25,1,1.33,34,46,3,6,0,1
307,18,0,2.95,86,36,0,17,1,1
308,25,0,3.3,133,22,1,6,0,1
309,21,1,3.78,17,12,0,5,1,0
310,28,1,2.31,112,31,2,21,1,0
311,18,0,3.7,28,45,0,0,0,1
312,25,1,3.63,76,46,0,3,0,1
313,21,1,1.95,58,47,1,28,0,0
314,23,1,3.61,125,22,2,20,1,0
315,25,0,2.13,144,44,4,25,1,1
316,21,1,1.89,108,16,4,13,1,0
317,20,0,2.95,21,39,3,8,0,1
318,26,1,1.99,67,20,0,11,0,1
319,20,0,2.89,68,1,3,5,1,0
320,26,0,2.83,48,36,1,19,0,0
321,19,1,2.69,140,5,4,23,0,0
322,19,0,2.14,108,43,0,26,1,1
323,19,1,2.65,85,17,1,7,1,1
324,23,0,2.79,52,29,1,0,0,1
325,20,1,2.64,122,21,0,23,1,1
326,26,1,2.33,86,32,1,6,0,1
327,21,0,1.04,130,29,0,18,1,0
328,18,1,2.76,41,16,0,21,1,0
329,21,1,1.51,97,42,2,34,1,1
330,18,0,2.93,108,31,3,29,0,0
331,22,1,3.28,50,41,1,28,0,0
332,21,1,2.5,84,13,1,21,1,1
333,25,0,2.63,126,9,2,10,1,1
334,25,0,3.85,20,46,2,19,1,1
335,24,1,3.54,43,35,2,28,0,1
336,20,1,3.74,138,33,4,33,1,0
337,18,0,3.44,102,8,4,0,1,1
338,18,0,1.33,67,41,4,30,1,0
339,29,1,1.45,128,27,0,29,1,1
340,28,0,2.58,91,10,1,17,0,1
341,20,1,1.74,23,13,3,16,0,0
342,23,1,2.43,124,38,0,13,1,1
343,24,1,2.18,140,46,1,22,0,0
344,23,1,2.65,110,18,1,24,0,1
345,23,1,3.24,97,14,2,14,0,1
346,23,0,3.15,138,27,2,21,1,1
347,20,0,2.56,16,23,0,2,0,1
348,23,0,3.47,98,7,2,18,0,0
349,25,0,2.29,81,42,1,33,0,1
350,28,1,3.69,103,8,2,34,1,1
351,28,1,1.21,18,46,4,0,1,0
352,19,1,3.86,84,32,2,20,0,1
353,22,1,2.96,7,32,1,28,0,1
354,18,0,2.14,27,18,0,5,1,0
355,29,1,1.59,4,2,3,0,1,1
356,18,1,2.44,144,9,2,0,0,0
357,22,0,1.58,100,39,1,26,0,1
358,29,0,1.5,117,46,3,20,1,0
359,20,0,2.85,146,41,3,15,1,1
360,21,0,2.57,63,0,4,25,0,1
361,20,1,3.01,90,28,3,15,1,1
362,18,1,3.79,116,49,1,27,0,1
363,18,0,2.6,97,33,1,0,0,1
364,29,1,2.74,10,12,2,35,0,1
365,29,1,1.27,53,0,2,9,1,0
366,22,1,3.15,46,33,2,16,0,1
367,23,0,2.2,139,28,3,22,0,1
368,20,1,3.93,148,47,3,6,1,1
369,29,0,3.47,138,46,4,6,1,1
370,26,1,2.57,4,12,2,14,0,1
371,22,1,1.37,19,47,0,33,0,1
372,25,1,3.58,45,48,4,3,1,1
373,18,0,3.4,11,28,0,13,1,0
374,22,1,1.55,69,38,3,13,1,1
375,20,0,1.89,16,23,4,15,0,1
376,29,0,3.38,114,25,4,6,0,1
377,18,0,1.56,146,16,1,31,0,1
378,21,1,3.75,47,6,3,18,1,0
379,22,1,2.27,107,12,3,1,0,1
380,24,1,1.26,51,4,4,9,1,1
381,18,1,3.45,95,25,3,16,0,0
382,20,0,2.12,69,48,4,11,1,1
383,19,0,2.58,101,2,1,5,0,0
384,26,0,1.34,74,6,4,21,0,1
385,27,1,1.01,142,48,3,31,1,0
386,23,0,2.91,81,38,3,19,1,1
387,27,1,2.55,91,0,4,0,0,1
388,20,0,2.78,3,48,4,5,1,1
389,25,1,3.38,134,16,4,18,1,1
390,25,1,2.94,108,42,2,17,0,1
391,19,0,1.52,47,24,3,5,1,0
392,23,0,2.08,72,2,3,32,0,0
393,24,0,3.72,71,14,2,22,0,1
394,19,0,3.31,115,28,4,22,1,0
395,28,1,2.67,80,42,1,25,1,1
396,27,0,1.77,80,31,4,12,0,1
397,19,0,1.91,112,25,4,6,0,1
398,27,0,3.2,95,15,2,14,0,1
399,18,1,3.55,71,24,3,26,0,0
400,25,1,3.01,146,27,4,25,0,1
401,18,0,3.43,62,8,3,32,0,1
402,26,1,3.3,37,0,0,14,1,1
403,28,0,1.45,66,28,3,35,1,1
404,23,1,2.27,68,21,1,26,1,0
405,24,1,1.46,12,15,1,4,0,1
406,27,1,1.71,30,40,4,1,1,1
407,24,1,3.61,113,43,3,32,0,1
408,27,0,2.42,21,40,4,15,0,0
409,20,0,2.61,92,6,2,22,1,1
410,19,0,1.54,66,13,1,15,0,1
411,26,1,1.94,53,28,4,13,0,0
412,25,0,1.69,137,18,2,28,0,1
413,29,0,1.62,41,18,4,25,0,1
414,27,0,2.91,63,1,3,34,0,1
415,24,1,1.77,125,40,3,14,0,1
416,26,1,2.9,20,44,3,2,1,0
417,21,1,1.18,34,14,3,22,0,1
418,21,0,1.43,29,2,0,28,0,1
419,18,0,1.82,56,10,2,33,0,1
420,25,0,2.79,46,45,2,32,0,1
421,29,1,3.03,18,29,3,22,1,1
422,20,1,2.33,113,39,0,6,1,0
423,24,0,2.34,7,17,3,2,0,1
424,29,1,3.17,25,47,0,31,0,1
425,19,1,1.05,112,1,3,30,0,1
426,19,1,2.02,70,31,1,17,1,1
427,24,1,3.46,29,7,1,6,1,1
428,23,0,2.81,134,21,4,0,1,1
429,20,1,2.01,66,5,3,13,1,0
430,26,1,3.72,64,11,2,31,0,1
431,27,1,3.32,35,46,4,5,1,1
432,23,1,1.79,24,39,1,9,1,1
433,27,0,2.94,36,35,3,6,0,1
434,27,0,2.79,0,14,4,25,0,1
435,23,1,2.2,142,27,3,33,1,1
436,18,1,2.1,36,48,1,29,1,1
437,21,1,2.03,140,44,4,35,1,1
438,27,1,2.85,135,17,1,20,1,1
439,23,1,2.33,132,1,0,16,0,1
440,23,1,3.5,127,12,1,32,0,1
441,28,0,3.01,126,44,3,9,1,1
442,29,1,1.21,0,14,2,11,1,1
443,22,0,2.92,34,19,1,15,1,1
444,18,0,1.81,103,28,2,31,1,1
445,25,1,2.78,22,41,0,14,1,0
446,22,0,3.04,8,28,4,26,0,0
447,29,0,1.69,33,2,4,27,0,1
448,29,0,2.37,127,18,2,16,0,1
449,29,0,1.57,3,2,4,1,1,1
450,22,0,1.16,101,13,1,35,1,1
451,24,0,2.14,74,39,2,6,0,0
452,21,1,2.09,98,3,3,12,0,1
453,23,0,3.99,71,10,1,14,1,1
454,21,0,2.34,2,30,1,24,0,1
455,20,0,2.0,141,42,1,22,1,1
456,24,1,2.74,33,31,3,21,1,0
457,25,0,1.27,44,26,0,25,0,0
458,21,1,3.88,60,29,4,32,0,1
459,19,0,2.9,82,42,2,10,0,1
460,29,1,3.26,122,1,0,9,1,1
461,27,1,1.51,101,48,2,24,1,0
462,20,0,2.23,15,8,4,23,0,0
463,18,0,2.27,65,27,3,32,1,1
464,25,1,3.47,144,30,1,16,1,1
465,20,0,1.0,118,33,1,23,1,1
466,29,1,1.9,123,14,3,1,0,0
467,27,1,3.94,143,47,0,31,1,1
468,24,1,2.42,101,24,0,23,0,0
469,27,1,2.15,65,35,2,8,0,0
470,22,1,1.36,12,7,3,3,1,1
471,27,0,3.92,110,8,0,16,0,0
472,22,1,1.06,33,36,3,16,1,0
473,24,1,3.21,38,47,4,29,0,1
474,26,0,3.31,135,44,1,10,0,1
475,29,1,1.73,119,38,1,20,1,1
476,22,0,3.01,125,31,1,20,0,1
477,18,0,1.28,54,16,3,17,0,0
478,27,0,1.77,26,34,3,28,0,0
479,27,1,3.36,117,36,2,23,1,1
480,18,1,3.59,52,18,1,9,1,1
481,19,1,2.83,38,43,2,16,0,1
482,23,0,2.52,64,28,1,17,0,0
483,26,1,1.48,144,6,2,19,0,1
484,25,0,1.19,12,27,2,17,1,0
485,22,1,1.35,20,8,4,16,1,1
486,18,0,1.68,146,27,2,8,0,1
487,24,1,2.03,52,5,3,13,1,1
488,22,1,2.14,18,28,2,28,1,1
489,23,1,2.04,56,16,1,30,1,1
490,24,0,1.72,24,15,2,3,1,1
491,20,0,2.53,30,22,0,17,0,1
492,29,1,3.48,80,30,1,19,1,0
493,27,1,1.84,22,2,0,8,1,1
494,20,0,3.83,31,20,1,12,0,0
495,22,0,3.62,73,25,3,14,0,1
496,23,0,1.49,9,35,3,26,1,1
497,26,1,3.36,53,41,3,14,1,1
498,29,0,2.72,51,36,0,27,0,1
499,22,1,2.7,147,21,4,18,0,0
500,18,0,2.17,113,41,1,25,0,1
501,21,1,2.5,13,11,3,25,1,1
502,22,0,2.19,109,41,1,24,1,1
503,29,0,2.62,52,12,0,25,0,1
504,27,0,2.88,78,10,4,25,1,1
505,27,0,3.02,21,15,0,27,0,1
506,22,0,2.6,29,7,1,17,1,0
507,24,1,3.16,3,39,4,31,0,0
508,21,0,1.42,58,39,4,2,0,1
509,18,0,1.64,7,44,0,1,1,1
510,22,0,3.46,11,1,3,32,1,1
511,24,1,1.97,118,29,1,18,1,1
512,27,0,1.07,33,29,2,16,1,1
513,27,1,1.46,81,11,2,32,1,1
514,23,0,1.67,97,9,0,11,1,0
515,22,0,3.87,126,43,1,2,0,0
516,21,1,2.72,74,10,1,25,1,1
517,19,0,3.8,104,14,0,34,0,1
518,21,1,2.73,48,15,1,7,0,1
519,27,1,2.44,78,16,3,35,1,1
520,27,0,1.94,92,25,0,6,0,0
521,20,1,2.82,17,1,3,35,0,1
522,27,0,1.42,95,49,1,15,1,0
523,18,0,3.69,37,11,0,23,1,1
524,25,1,3.49,86,25,1,0,1,1
525,22,1,1.95,87,22,0,24,0,1
526,21,1,3.86,49,17,1,9,1,1
527,25,1,3.48,7,31,3,15,1,0
528,24,0,3.0,133,48,3,15,1,1
529,19,0,1.37,68,37,1,7,1,1
530,18,1,2.43,120,46,0,28,0,1
531,29,0,2.52,63,2,2,27,1,1
532,28,0,1.7,138,37,3,5,0,1
533,21,0,1.24,120,2,3,15,1,1
534,25,0,3.33,64,29,2,19,0,0
535,29,1,1.37,106,0,1,15,0,1
536,19,1,2.78,146,29,0,6,0,0
537,20,0,3.81,136,44,1,13,1,1
538,29,1,3.63,99,31,4,25,0,1
539,18,1,1.83,81,27,3,25,1,1
540,18,1,3.55,142,20,4,13,1,1
541,20,0,1.0,50,45,3,6,1,1
542,28,0,1.05,140,12,3,32,1,0
543,22,0,2.81,82,26,4,25,1,1
544,29,1,2.09,111,35,4,19,0,1
545,20,0,2.16,55,6,1,2,1,1
546,18,0,2.69,144,21,4,3,0,0
547,18,1,1.58,59,9,1,25,0,1
548,25,0,1.64,119,38,1,10,0,1
549,27,0,2.45,137,14,1,1,0,1
550,28,1,3.26,22,14,3,13,0,1
551,29,1,2.86,148,3,3,29,0,1
552,29,1,1.89,12,31,4,11,0,1
553,19,0,2.29,100,22,3,25,1,1
554,20,0,1.51,23,5,4,32,0,0
555,19,0,1.22,107,23,3,12,1,0
556,20,1,3.35,10,19,0,13,0,1
557,24,1,1.8,16,36,0,23,0,0
558,18,0,1.53,24,19,4,33,0,1
559,27,0,3.07,93,11,3,25,0,1
560,25,1,2.85,20,32,3,20,1,0
561,27,1,2.9,83,27,1,27,1,1
562,27,1,1.69,139,7,2,35,1,1
563,27,1,1.7,36,0,4,1,0,1
564,19,0,1.66,41,36,2,8,0,1
565,20,1,1.52,144,21,2,22,0,1
566,26,0,2.97,100,5,4,14,1,1
567,24,0,3.54,47,20,3,12,0,1
568,21,0,3.17,102,31,4,22,1,1
569,27,1,3.38,27,34,2,16,1,0
570,22,1,2.21,40,14,3,1,0,0
571,19,1,2.96,98,4,0,19,0,1
572,28,1,2.06,46,45,4,19,1,0
573,25,0,2.58,145,49,4,2,1,0
574,21,1,2.44,104,47,3,11,1,1
575,26,1,1.53,123,5,0,1,0,0
576,22,0,2.16,12,24,0,35,0,1
577,26,1,3.89,140,45,3,13,0,1
578,21,0,1.75,99,39,1,15,0,1
579,27,0,1.4,30,28,4,18,0,1
580,22,0,2.26,129,6,4,33,0,0
581,26,0,3.37,15,39,2,5,1,1
582,25,0,2.75,136,12,3,12,1,1
583,20,0,3.04,72,37,2,35,1,1
584,18,0,1.57,53,17,2,21,0,1
585,20,0,2.86,99,1,0,17,1,1
586,21,1,1.97,108,7,4,11,0,1
587,19,1,3.5,86,10,2,29,0,0
588,18,1,2.89,136,32,0,6,1,1
589,24,1,1.6,7,37,3,31,0,1
590,25,0,1.19,6,47,2,18,1,0
591,24,1,1.13,35,26,4,5,1,1
592,22,0,2.11,17,19,2,19,0,0
593,29,1,1.8,2,11,3,26,1,1
594,18,1,2.94,27,42,2,6,1,1
595,24,1,2.5,69,30,4,4,1,0
596,24,0,1.8,148,26,0,10,1,1
597,26,1,1.45,27,31,4,14,0,0
598,20,0,1.38,53,9,0,2,1,1
599,26,0,3.59,64,2,1,4,1,0
600,18,1,1.73,99,44,4,22,1,1
601,18,1,2.96,20,26,4,8,0,1
602,21,1,3.43,12,34,3,14,1,1
603,26,0,2.84,56,30,2,2,0,1
604,23,1,3.58,48,14,0,28,1,1
605,28,0,2.18,117,15,0,5,1,1
606,20,0,3.87,53,12,3,16,1,1
607,18,1,1.4,137,48,3,25,0,1
608,21,1,1.31,52,34,2,20,0,1
609,29,0,2.98,43,10,2,7,0,0
610,26,0,3.83,46,20,4,20,0,1
611,20,0,3.43,52,10,1,10,0,0
612,29,1,1.23,73,29,2,7,0,1
613,26,0,1.84,45,47,3,23,1,1
614,24,1,3.79,12,34,2,34,0,1
615,29,0,1.76,101,21,0,13,1,0
616,21,0,3.34,23,37,1,13,0,0
617,20,1,3.48,1,30,4,9,0,1
618,27,0,2.49,80,13,0,11,0,1
619,22,1,2.16,99,23,0,33,1,1
620,22,1,2.35,141,49,1,9,0,1
621,20,0,1.68,137,48,4,16,0,1
622,29,1,3.67,130,31,3,16,1,1
623,26,1,2.35,110,35,4,2,1,0
624,21,0,3.65,101,31,2,30,1,1
625,28,1,1.32,16,14,0,0,1,0
626,22,1,3.96,11,42,2,11,0,1
627,21,1,2.33,115,34,3,3,1,0
628,22,0,1.14,23,2,2,12,0,1
629,24,1,1.11,28,15,4,33,0,0
630,26,0,3.24,121,4,2,20,1,0
631,24,0,2.98,89,20,3,21,0,1
632,22,1,3.41,64,9,3,3,1,0
633,27,1,1.32,83,18,3,17,0,0
634,27,1,1.11,118,24,4,4,1,1
635,24,0,2.53,15,3,3,18,1,0
636,27,1,2.16,103,28,0,1,1,0
637,22,1,2.39,91,18,3,11,1,1
638,20,1,3.97,26,42,2,16,1,1
639,24,1,3.91,133,1,2,9,1,1
640,28,1,3.83,134,9,2,33,0,1
641,28,0,3.35,32,42,4,5,0,1
642,19,0,2.06,54,24,2,7,0,0
643,29,1,2.24,6,19,4,10,1,1
644,26,1,2.65,56,47,4,11,0,1
645,27,1,3.49,125,18,3,8,1,1
646,27,1,1.21,11,22,0,1,0,1
647,29,0,2.27,15,23,3,7,0,0
648,18,1,1.25,42,10,3,10,1,1
649,23,0,2.54,116,45,4,35,0,1
650,24,0,3.7,134,33,4,9,0,1
651,25,1,3.35,110,27,2,20,0,0
652,27,0,1.68,50,4,2,19,1,0
653,26,0,3.93,74,4,3,7,0,0
654,19,0,3.0,7,20,1,35,1,1
655,28,0,1.03,44,11,1,28,0,0
656,27,1,1.77,58,49,2,11,0,0
657,19,1,1.78,131,3,1,13,0,1
658,22,0,1.21,103,48,2,20,0,0
659,22,1,3.88,97,41,4,21,1,1
660,23,1,2.43,78,19,3,20,0,1
661,20,1,3.69,123,37,0,29,1,1
662,25,1,1.97,3,24,3,19,1,1
663,18,1,1.38,89,13,2,23,0,1
664,23,0,2.42,103,10,2,22,0,1
665,21,1,1.34,136,31,3,6,1,0
666,18,1,2.46,118,10,2,8,1,0
667,24,1,3.76,132,17,1,0,0,0
668,26,1,2.56,55,26,1,25,0,1
669,21,0,2.85,95,17,2,21,0,1
670,21,0,1.47,74,22,2,9,0,1
671,23,0,1.13,142,10,1,5,0,1
672,29,0,1.33,31,20,2,16,1,0
673,20,1,2.8,27,43,2,23,0,1
674,29,0,1.29,21,4,3,9,0,1
675,23,1,2.13,16,22,0,7,1,0
676,24,1,2.65,58,40,1,20,0,1
677,28,1,2.17,89,24,3,5,0,0
678,27,1,1.49,105,40,0,20,1,1
679,27,1,1.82,25,9,2,23,0,1
680,20,0,3.78,24,21,2,32,1,0
681,24,0,3.03,137,18,3,17,0,1
682,20,0,2.49,44,0,2,27,0,1
683,19,0,1.04,82,6,4,31,0,1
684,29,1,3.98,10,3,3,11,1,1
685,27,0,3.01,103,0,0,26,1,0
686,21,1,1.95,67,14,3,9,1,1
687,29,0,3.64,94,39,1,31,1,1
688,25,1,1.78,64,11,3,25,0,1
689,26,1,2.63,48,21,2,24,1,0
690,24,0,2.91,51,21,2,10,1,1
691,18,1,1.66,101,49,4,22,1,1
692,20,1,3.94,56,46,4,33,0,0
693,29,0,3.24,46,16,4,22,0,1
694,26,1,2.67,25,28,0,28,1,0
695,29,0,1.54,113,45,4,30,1,1
696,18,0,1.16,4,13,0,6,0,0
697,26,0,1.96,83,49,4,32,1,1
698,25,1,3.26,51,19,0,20,1,1
699,18,1,1.81,104,49,3,1,1,1
700,23,1,2.62,53,47,3,17,1,1
701,22,0,3.18,14,32,2,32,0,1
702,23,1,1.32,60,42,0,33,0,1
703,27,0,3.06,121,14,1,19,0,0
704,29,0,1.28,20,11,2,34,1,0
705,22,1,3.9,45,39,3,17,1,1
706,23,0,2.47,133,19,0,23,0,0
707,22,1,1.45,37,29,4,7,0,1
708,28,1,2.03,61,37,1,29,0,1
709,29,1,2.24,85,2,3,9,1,0
710,22,1,3.27,77,27,2,22,0,1
711,21,1,3.23,45,25,0,10,1,1
712,20,0,2.84,140,29,1,1,1,1
713,20,0,1.32,2,12,0,25,0,1
714,21,0,1.45,5,12,4,35,0,1
715,26,1,1.28,92,1,2,32,1,0
716,19,1,2.73,7,36,0,12,0,1
717,26,1,3.63,107,48,3,24,0,1
718,18,0,2.3,74,37,2,3,1,1
719,18,1,1.48,76,1,3,18,1,0
720,22,0,2.67,49,35,0,17,1,0
721,23,0,3.44,10,25,2,29,1,1
722,23,1,3.23,94,10,3,18,1,1
723,20,1,3.64,69,7,4,22,0,1
724,24,0,1.83,15,43,4,15,1,1
725,26,1,1.58,67,39,0,0,1,1
726,28,0,3.64,98,42,2,11,1,1
727,29,1,2.97,47,21,1,23,0,0
728,27,1,1.93,63,19,2,33,1,0
729,25,0,3.23,89,7,4,7,1,0
730,23,1,3.45,75,28,3,17,1,1
731,29,0,2.84,138,39,1,4,0,1
732,25,1,3.06,100,25,0,25,1,1
733,29,0,2.13,88,29,1,29,1,1
734,22,0,2.62,17,16,0,12,1,1
735,25,1,2.57,18,19,1,18,0,1
736,27,0,3.54,54,15,0,28,0,1
737,29,1,3.52,101,45,0,2,0,0
738,21,1,3.5,117,42,1,25,0,0
739,27,1,1.03,133,6,1,11,1,1
740,25,0,3.25,3,15,0,1,1,1
741,27,0,3.28,107,44,4,10,0,1
742,29,1,3.04,114,46,1,27,0,1
743,19,1,3.27,28,47,2,17,1,1
744,29,0,3.53,58,26,3,12,1,0
745,29,1,2.41,124,22,0,21,0,0
746,22,1,2.51,97,23,0,11,0,0
747,26,0,1.37,16,8,3,1,0,1
748,21,1,2.16,106,34,4,6,0,0
749,28,0,2.93,42,19,3,25,1,1
750,23,1,3.34,79,36,1,25,0,1
751,18,0,1.65,7,41,3,23,0,1
752,26,1,1.41,140,16,0,11,1,0
753,18,1,2.99,105,46,3,15,1,1
754,22,0,1.01,7,30,2,22,1,1
755,21,1,1.54,95,7,1,8,1,1
756,29,0,1.09,93,14,3,31,1,1
757,20,1,1.5,64,30,0,14,0,0
758,23,0,1.54,38,29,1,12,0,1
759,19,0,2.16,80,45,0,4,0,1
760,20,0,2.21,83,19,4,10,1,1
761,22,0,3.62,87,38,2,9,0,1
762,26,1,2.53,85,11,4,12,1,1
763,19,1,3.17,92,48,2,14,0,0
764,27,0,1.31,85,16,3,6,0,1
765,25,0,1.68,43,41,1,27,1,1
766,19,0,3.11,136,29,3,31,1,1
767,28,1,1.16,73,28,2,34,0,1
768,22,1,2.46,35,18,2,14,0,1
769,24,1,2.8,100,45,2,35,0,1
770,25,1,2.81,103,10,0,20,0,0
771,18,0,1.07,65,33,1,5,0,1
772,23,0,1.97,54,49,3,0,1,1
773,18,0,2.91,90,6,3,3,1,1
774,19,1,1.45,21,43,4,10,1,1
775,18,1,3.09,100,33,2,25,1,1
776,28,1,3.24,120,19,2,22,0,0
777,22,0,3.95,92,49,2,28,0,1
778,27,0,1.63,107,37,3,20,1,1
779,26,1,3.48,140,23,4,26,0,1
780,23,0,2.56,9,9,0,12,1,1
781,28,1,2.12,8,31,1,22,0,1
782,28,1,1.37,33,14,0,15,0,0
783,18,0,3.21,128,36,3,29,0,1
784,18,1,1.71,88,19,2,3,1,1
785,19,0,2.11,92,2,1,15,1,0
786,26,1,1.19,70,36,3,30,1,0
787,20,0,3.4,66,39,3,24,1,1
788,18,0,3.3,147,7,3,11,0,0
789,22,0,3.2,116,39,1,25,0,1
790,24,1,1.9,93,43,1,32,0,0
791,23,1,1.52,98,22,4,27,0,0
792,29,0,2.91,112,39,4,8,1,1
793,18,0,2.49,102,10,0,11,0,1
794,22,1,1.53,90,45,1,4,0,1
795,22,1,3.06,89,7,1,27,0,1
796,23,1,3.97,16,28,1,34,1,1
797,20,0,3.24,17,29,4,4,1,1
798,22,1,3.22,115,9,3,33,1,1
799,24,1,3.85,92,38,2,33,0,1
800,22,0,1.61,90,27,4,12,1,0
801,22,1,2.7,81,48,1,13,0,0
802,22,1,3.94,67,35,4,10,0,1
803,27,1,1.5,113,12,0,3,0,1
804,27,0,3.1,0,31,1,32,1,0
805,20,0,2.76,57,35,0,6,1,0
806,18,0,2.76,108,36,1,7,0,0
807,22,0,3.09,147,25,4,9,0,1
808,26,0,3.79,115,21,3,14,1,1
809,18,0,3.35,86,3,2,14,1,0
810,20,0,1.17,9,30,0,4,1,1
811,21,1,3.56,58,17,4,28,0,1
812,18,1,1.68,40,37,3,18,0,1
813,18,0,2.13,104,23,4,9,0,0
814,25,1,2.39,132,22,0,11,1,1
815,19,1,2.44,121,21,2,3,1,1
816,29,0,2.31,144,1,4,30,1,1
817,25,1,3.81,21,30,1,17,0,0
818,24,1,3.12,97,10,3,15,0,1
819,27,1,2.89,67,27,4,35,1,1
820,27,1,1.15,138,45,3,24,0,1
821,19,1,3.71,55,31,1,22,1,0
822,23,0,3.73,148,4,2,11,0,1
823,23,0,3.34,98,37,2,33,1,0
824,20,0,1.02,75,9,1,35,0,1
825,28,1,1.17,25,39,3,2,0,1
826,19,0,1.68,114,45,4,8,1,1
827,29,1,1.39,146,23,1,17,1,1
828,18,1,2.2,108,34,0,34,1,1
829,23,1,3.77,46,43,3,33,1,1
830,29,1,2.42,70,47,2,13,1,1
831,22,0,1.04,39,22,1,3,0,0
832,28,0,1.85,132,16,2,28,1,1
833,26,1,1.13,148,0,3,14,1,1
834,18,0,1.11,131,30,2,27,1,1
835,24,1,1.83,22,30,1,15,0,1
836,22,0,1.83,105,41,3,11,1,1
837,22,0,3.36,83,41,0,4,1,1
838,19,1,3.92,142,33,1,33,1,1
839,28,0,2.11,115,8,4,0,0,1
840,20,1,2.29,108,21,1,31,0,1
841,24,0,3.53,135,12,3,25,1,1
842,23,1,1.8,40,24,1,16,0,0
843,29,1,1.47,111,47,0,26,1,0
844,19,0,3.56,146,17,0,23,0,1
845,23,0,1.14,111,11,4,34,1,1
846,19,1,2.86,102,39,2,25,0,1
847,19,0,2.69,45,16,3,22,1,1
848,19,0,2.04,67,14,3,21,1,0
849,28,1,1.95,121,41,2,3,0,1
850,20,1,3.32,14,14,0,8,1,0
851,19,0,1.26,128,14,0,3,1,0
852,21,1,1.71,110,38,1,6,1,1
853,26,1,3.2,23,12,4,22,1,0
854,23,1,2.64,26,16,4,1,0,1
855,18,0,1.38,39,31,4,23,1,1
856,25,0,3.65,23,8,1,30,0,1
857,29,1,2.18,23,39,4,30,0,0
858,24,0,3.48,3,19,2,33,0,1
859,27,1,3.36,66,25,1,23,0,0
860,20,0,2.87,33,26,2,25,1,1
861,18,1,2.48,115,20,1,15,1,1
862,22,1,3.94,22,17,4,12,0,1
863,21,0,1.43,108,12,2,14,1,0
864,27,1,3.18,68,15,2,26,0,1
865,25,0,1.57,94,8,2,3,1,1
866,18,0,2.01,61,11,1,15,1,0
867,27,1,1.93,56,43,3,29,1,1
868,18,1,3.84,53,37,4,29,0,1
869,29,0,3.9,69,18,2,35,0,0
870,21,1,1.55,100,6,3,2,1,0
871,25,1,1.07,56,34,4,21,0,1
872,22,1,3.16,137,47,4,21,0,0
873,19,1,2.25,134,17,2,11,1,0
874,23,1,1.27,102,15,2,20,0,1
875,22,0,3.05,84,38,1,3,1,1
876,19,0,2.64,60,3,3,30,1,1
877,28,1,3.94,2,24,3,30,1,1
878,28,1,1.68,127,31,2,22,0,1
879,28,1,2.21,85,39,4,19,1,0
880,20,0,2.63,46,12,2,14,1,1
881,26,1,3.38,75,44,4,22,0,1
882,24,0,2.65,37,16,4,27,0,0
883,24,0,2.84,140,48,2,15,0,1
884,28,0,1.68,86,36,0,20,0,1
885,23,1,3.54,57,5,3,14,1,0
886,25,0,2.29,49,18,4,16,0,0
887,21,1,1.42,29,12,4,12,0,1
888,25,0,2.99,100,25,0,18,0,1
889,21,1,1.65,24,13,1,29,0,1
890,25,0,1.29,111,30,0,17,1,1
891,26,1,3.59,125,3,0,13,0,0
892,20,0,2.38,122,38,4,35,1,0
893,20,1,3.25,46,7,3,35,0,0
894,28,1,1.87,117,24,0,19,1,0
895,19,1,3.36,38,12,1,18,1,0
896,27,1,1.34,15,31,2,6,0,1
897,20,0,2.07,21,37,0,3,1,1
898,20,0,3.93,53,37,0,33,0,1
899,22,1,3.38,148,27,1,1,1,0
900,22,0,2.49,15,29,3,4,1,1
901,19,1,2.02,58,2,0,9,1,1
902,29,1,3.62,30,27,0,31,0,0
903,27,0,2.63,31,2,3,12,1,1
904,23,1,3.28,8,44,1,4,0,1
905,22,1,3.26,138,33,0,9,1,0
906,23,0,1.05,9,15,3,9,1,1
907,18,1,1.38,16,21,0,26,1,0
908,22,1,2.98,67,31,2,20,1,1
909,26,1,1.48,47,37,4,7,1,1
910,29,1,1.77,110,7,2,0,1,1
911,27,0,3.84,122,7,0,27,0,0
912,19,0,2.68,148,5,1,13,0,1
913,18,0,3.25,100,13,4,20,0,1
914,27,1,2.67,101,31,2,29,1,1
915,28,1,2.66,64,34,3,20,0,1
916,26,0,1.28,50,9,1,8,1,1
917,27,1,2.03,35,2,2,16,0,1
918,26,1,1.85,80,11,3,4,0,1
919,26,1,2.17,126,48,0,30,1,1
920,23,1,3.4,87,30,3,18,1,1
921,25,0,2.12,103,28,2,35,0,1
922,28,0,2.36,14,4,2,32,0,1
923,18,0,2.19,95,24,0,12,0,1
924,27,1,1.28,122,40,3,13,0,1
925,21,0,2.32,0,30,3,32,1,1
926,18,0,1.59,121,20,0,28,0,1
927,25,1,1.56,125,19,3,35,1,0
928,18,1,1.28,56,38,0,9,1,1
929,20,0,2.07,80,21,1,30,0,1
930,21,0,3.27,72,3,2,5,1,0
931,25,0,1.83,140,12,1,0,0,1
932,23,0,1.94,69,44,4,6,1,0
933,27,1,2.93,5,41,4,26,1,0
934,29,0,1.59,83,49,4,20,0,0
935,24,0,3.69,51,48,0,27,1,1
936,25,1,2.56,2,19,3,15,1,1
937,19,0,2.34,80,12,1,22,0,1
938,27,1,2.67,62,16,1,19,1,1
939,28,1,1.5,48,35,1,24,1,1
940,25,1,2.84,75,32,1,27,0,1
941,20,0,2.09,111,0,4,4,0,1
942,24,0,3.69,108,14,1,20,1,1
943,20,1,1.51,64,12,3,17,1,0
944,24,0,2.52,80,16,4,5,1,0
945,28,0,2.79,14,23,1,28,0,1
946,29,1,1.1,99,7,0,18,1,1
947,19,1,2.09,31,49,2,32,1,0
948,27,0,3.2,95,26,2,0,1,0
949,23,1,3.46,127,44,2,2,1,1
950,20,0,1.94,145,22,4,20,1,1
951,20,0,3.4,112,45,1,34,1,1
952,26,0,3.9,82,7,4,2,0,1
953,24,0,3.57,42,7,3,24,0,1
954,22,1,1.35,115,25,0,19,1,1
955,29,1,3.22,77,46,0,33,1,1
956,27,1,1.96,57,12,2,20,0,0
957,24,1,3.97,32,38,2,22,0,1
958,26,0,2.46,13,36,2,5,0,0
959,18,0,1.37,131,48,1,12,1,0
960,24,1,3.18,58,27,3,22,1,1
961,23,0,1.97,82,24,3,8,1,1
962,27,0,3.99,133,15,3,16,1,1
963,29,0,3.94,120,1,3,1,0,0
964,26,1,2.97,82,17,2,18,0,1
965,18,1,1.39,26,16,0,18,0,1
966,21,1,3.06,79,29,2,6,0,1
967,26,0,1.28,133,38,3,19,1,0
968,21,1,1.09,12,12,2,8,1,1
969,27,1,3.47,63,31,3,16,0,1
970,20,1,1.63,146,49,4,26,0,0
971,26,1,2.14,79,28,0,1,0,1
972,19,1,3.92,122,45,4,35,0,1
973,21,1,2.01,42,29,1,18,0,0
974,23,0,1.89,88,17,2,16,1,0
975,19,0,3.75,147,12,1,4,1,0
976,25,1,1.33,94,42,2,17,0,1
977,25,1,3.28,1,20,4,6,0,0
978,18,0,3.96,119,29,3,16,0,1
979,29,0,3.7,21,20,3,35,1,1
980,20,1,2.96,114,47,2,3,1,1
981,27,1,1.94,56,16,3,24,1,0
982,26,1,1.76,71,39,4,4,0,0
983,22,1,3.46,6,18,3,29,1,1
984,23,0,3.64,118,14,4,11,0,1
985,21,1,2.58,113,8,1,3,1,1
986,27,1,1.73,15,9,4,23,1,0
987,19,1,1.34,82,43,0,28,1,1
988,28,1,1.26,71,30,0,8,0,1
989,25,0,3.16,123,22,0,3,0,0
990,28,0,2.26,112,29,2,23,1,1
991,23,0,3.72,11,32,2,13,0,1
992,22,1,3.22,125,8,2,4,0,0
993,26,1,1.57,52,46,4,17,0,1
994,18,0,2.84,74,0,2,18,0,1
995,22,1,2.31,132,43,1,11,0,0
996,23,1,2.73,26,34,0,17,0,1
997,22,0,3.21,139,10,4,16,0,1
998,23,0,3.42,144,33,0,29,1,1
999,23,0,3.53,133,15,2,23,0,0
1000,24,0,1.76,96,8,4,10,0,1
